Designator,Device,Footprint,Mid X,Mid Y,Ref X,Ref Y,Pad X,Pad Y,Pins,Layer,Rotation,SMD,Comment,Name
LED1,F.1615.00026/P4-1615G2B2R4TS2-06T-001-24,LED-SMD_4P-L1.6-W1.5_P4-1615G2B2R4TS2-06T-001-24,0mm,45mm,0mm,45mm,-0.6mm,44.5mm,4,T,0,Yes,F.1615.00026/P4-1615G2B2R4TS2-06T-001-24,F.1615.00026/P4-1615G2B2R4TS2-06T-001-24
LED2,F.1615.00026/P4-1615G2B2R4TS2-06T-001-24,LED-SMD_4P-L1.6-W1.5_P4-1615G2B2R4TS2-06T-001-24,0mm,30mm,0mm,30mm,-0.6mm,29.5mm,4,T,0,Yes,F.1615.00026/P4-1615G2B2R4TS2-06T-001-24,F.1615.00026/P4-1615G2B2R4TS2-06T-001-24
LED3,F.1615.00026/P4-1615G2B2R4TS2-06T-001-24,LED-SMD_4P-L1.6-W1.5_P4-1615G2B2R4TS2-06T-001-24,0mm,15mm,0mm,15mm,-0.6mm,14.5mm,4,T,0,Yes,F.1615.00026/P4-1615G2B2R4TS2-06T-001-24,F.1615.00026/P4-1615G2B2R4TS2-06T-001-24
R1,CR-03JL7--330R,R0603,8.5mm,44.46mm,8.5mm,44.46mm,7.747mm,44.46mm,2,T,0,Yes,330Ω,330Ω
R2,CR-03JL7--330R,R0603,8.5mm,40.46mm,8.5mm,40.46mm,7.747mm,40.46mm,2,T,0,Yes,330Ω,330Ω
R3,CR-03JL7--330R,R0603,8.5mm,36.46mm,8.5mm,36.46mm,7.747mm,36.46mm,2,T,0,Yes,330Ω,330Ω
R4,CR-03JL7--330R,R0603,8.5mm,32.46mm,8.5mm,32.46mm,7.747mm,32.46mm,2,T,0,Yes,330Ω,330Ω
R5,CR-03JL7--330R,R0603,8.5mm,28.46mm,8.5mm,28.46mm,7.747mm,28.46mm,2,T,0,Yes,330Ω,330Ω
R6,CR-03JL7--330R,R0603,8.5mm,24.46mm,8.5mm,24.46mm,7.747mm,24.46mm,2,T,0,Yes,330Ω,330Ω
R7,CR-03JL7--330R,R0603,3.5mm,23.2mm,3.5mm,23.2mm,2.747mm,23.2mm,2,T,0,Yes,330Ω,330Ω
R8,CR-03JL7--330R,R0603,-1.5mm,23.2mm,-1.5mm,23.2mm,-2.253mm,23.2mm,2,T,0,Yes,330Ω,330Ω
R9,CR-03JL7--330R,R0603,-7mm,23.2mm,-7mm,23.2mm,-7.753mm,23.2mm,2,T,0,Yes,330Ω,330Ω
SW2,TS3320A,KEY-SMD_4P-L3.3-W3.3-P2.20-LS3.9,0mm,0mm,0mm,0mm,-1.775mm,1.1mm,4,T,0,Yes,TS3320A,TS3320A
U1,XIAO ESP32C3,CONN-SMD_XIAO_ESP32C3,0mm,8mm,0mm,8mm,-7.62mm,0.863mm,37,B,0,No,XIAO ESP32C3,XIAO ESP32C3
